,method,nmi,ari
0,unsupervised,0.34861125042145497,0.3262835450973026
1,unsupervised_pretrain,0.6229945954801656,0.6003462352350881
2,supervised,0.7215162809443534,0.6331448492017763
